{
   "empirical": {
      "gbytes": {
         "data": [
            [
               "L1", 
               1009.39
            ], 
            [
               "L2", 
               49.88
            ], 
            [
               "L3", 
               35.2
            ], 
            [
               "DRAM", 
               26.77
            ]
         ], 
         "metadata": {
            "TIMESTAMP_DATA": [
               1614741388.51, 
               1614741530.87, 
               1614741175.39, 
               1614741246.43, 
               1614741317.41, 
               1614741459.76
            ], 
            "FLOPS": 1, 
            "TIMESTAMP_DB": 1614747642.948578
         }
      }, 
      "gflops": {
         "data": [
            [
               "GFLOPs", 
               91.02
            ]
         ], 
         "metadata": {
            "TIMESTAMP_DATA": [
               1614742291.63, 
               1614742217.27, 
               1614742142.84, 
               1614742365.92, 
               1614742068.59, 
               1614742440.2
            ], 
            "FLOPS": 2, 
            "TIMESTAMP_DB": 1614747642.947906
         }
      }, 
      "metadata": {
         "ERT_VERSION": "1.0.0", 
         "HOSTNAME": [
            "qiang-gpu6", 
            [], 
            [
               "127.0.1.1"
            ]
         ], 
         "OPENMP_THREADS": 10, 
         "UNAME": [
            "Linux", 
            "qiang-gpu6", 
            "5.4.0-65-generic", 
            "#73-Ubuntu SMP Mon Jan 18 17:25:17 UTC 2021", 
            "x86_64", 
            "x86_64"
         ], 
         "CONFIG": {
            "ERT_WORKING_SET_MIN": [
               "1"
            ], 
            "ERT_CFLAGS": [
               "-O3"
            ], 
            "ERT_CC": [
               "gcc"
            ], 
            "ERT_MPI_CFLAGS": [], 
            "ERT_MPI_LDFLAGS": [], 
            "ERT_MEMORY_MAX": [
               "15000000000"
            ], 
            "ERT_PROCS_THREADS": [
               "8,10"
            ], 
            "ERT_LDFLAGS": [], 
            "ERT_LDLIBS": [], 
            "ERT_SPEC_GBYTES_DRAM": [
               "1.0"
            ], 
            "ERT_RUN": [
               "export", 
               "KMP_AFFINITY=scatter;", 
               "export", 
               "OMP_NUM_THREADS=ERT_OPENMP_THREADS;", 
               "ERT_CODE"
            ], 
            "ERT_FLOPS": [
               "1,2,4,8,16"
            ], 
            "ERT_OPENMP_CFLAGS": [
               "-fopenmp"
            ], 
            "ERT_SPEC_GFLOPS": [
               "1.0"
            ], 
            "ERT_MPI": [
               "False"
            ], 
            "ERT_TRIALS_MIN": [
               "1"
            ], 
            "ERT_DRIVER": [
               "driver1"
            ], 
            "ERT_RESULTS": [
               "Results.x86"
            ], 
            "ERT_OPENMP": [
               "True"
            ], 
            "ERT_MPI_PROCS": [
               "1"
            ], 
            "ERT_KERNEL": [
               "kernel1"
            ], 
            "ERT_OPENMP_THREADS": [
               "8,10"
            ], 
            "ERT_LD": [
               "gcc"
            ], 
            "ERT_NUM_EXPERIMENTS": [
               "6"
            ], 
            "ERT_OPENMP_LDFLAGS": [
               "-fopenmp"
            ], 
            "ERT_ALIGN": [
               "32"
            ], 
            "ERT_GNUPLOT": [
               "gnuplot"
            ]
         }, 
         "MPI_PROCS": 1
      }
   }, 
   "spec": {
      "gbytes": {
         "data": [
            [
               "DRAM", 
               1.0
            ]
         ]
      }, 
      "gflops": {
         "data": [
            [
               "GFLOPs", 
               1.0
            ]
         ]
      }
   }
}