{
   "empirical": {
      "gbytes": {
         "data": [
            [
               "L1", 
               101.01
            ], 
            [
               "L2", 
               73.17
            ], 
            [
               "L3", 
               36.27
            ], 
            [
               "L4", 
               26.12
            ], 
            [
               "DRAM", 
               19.74
            ]
         ], 
         "metadata": {
            "TIMESTAMP_DATA": [
               1618308225.42, 
               1618308040.72, 
               1618308777.44, 
               1618308592.92, 
               1618308408.02, 
               1618307858.02
            ], 
            "FLOPS": 1, 
            "TIMESTAMP_DB": 1618328937.806803
         }
      }, 
      "gflops": {
         "data": [
            [
               "GFLOPs", 
               9.11
            ]
         ], 
         "metadata": {
            "TIMESTAMP_DATA": [
               1618309415.61, 
               1618309189.05, 
               1618309868.84, 
               1618310094.5, 
               1618309641.85, 
               1618308963.05
            ], 
            "FLOPS": 2, 
            "TIMESTAMP_DB": 1618328937.806114
         }
      }, 
      "metadata": {
         "ERT_VERSION": "1.0.0", 
         "HOSTNAME": [
            "qiang-gpu6", 
            [], 
            [
               "127.0.1.1"
            ]
         ], 
         "OPENMP_THREADS": 1, 
         "UNAME": [
            "Linux", 
            "qiang-gpu6", 
            "5.4.0-66-generic", 
            "#74-Ubuntu SMP Wed Jan 27 22:54:38 UTC 2021", 
            "x86_64", 
            "x86_64"
         ], 
         "CONFIG": {
            "ERT_WORKING_SET_MIN": [
               "1"
            ], 
            "ERT_CFLAGS": [
               "-O3"
            ], 
            "ERT_CC": [
               "gcc"
            ], 
            "ERT_MPI_CFLAGS": [], 
            "ERT_MPI_LDFLAGS": [], 
            "ERT_MEMORY_MAX": [
               "15000000000"
            ], 
            "ERT_PROCS_THREADS": [
               "1"
            ], 
            "ERT_LDFLAGS": [], 
            "ERT_LDLIBS": [], 
            "ERT_SPEC_GBYTES_DRAM": [
               "1.0"
            ], 
            "ERT_RUN": [
               "export", 
               "KMP_AFFINITY=scatter;", 
               "export", 
               "OMP_NUM_THREADS=ERT_OPENMP_THREADS;", 
               "ERT_CODE"
            ], 
            "ERT_FLOPS": [
               "1,2,4,8,16"
            ], 
            "ERT_OPENMP_CFLAGS": [
               "-fopenmp"
            ], 
            "ERT_SPEC_GFLOPS": [
               "1.0"
            ], 
            "ERT_MPI": [
               "False"
            ], 
            "ERT_TRIALS_MIN": [
               "1"
            ], 
            "ERT_DRIVER": [
               "driver1"
            ], 
            "ERT_RESULTS": [
               "Results.x86"
            ], 
            "ERT_OPENMP": [
               "True"
            ], 
            "ERT_MPI_PROCS": [
               "1"
            ], 
            "ERT_KERNEL": [
               "kernel1"
            ], 
            "ERT_OPENMP_THREADS": [
               "1"
            ], 
            "ERT_LD": [
               "gcc"
            ], 
            "ERT_NUM_EXPERIMENTS": [
               "6"
            ], 
            "ERT_OPENMP_LDFLAGS": [
               "-fopenmp"
            ], 
            "ERT_ALIGN": [
               "32"
            ], 
            "ERT_GNUPLOT": [
               "gnuplot"
            ]
         }, 
         "MPI_PROCS": 1
      }
   }, 
   "spec": {
      "gbytes": {
         "data": [
            [
               "DRAM", 
               1.0
            ]
         ]
      }, 
      "gflops": {
         "data": [
            [
               "GFLOPs", 
               1.0
            ]
         ]
      }
   }
}